individual,population,Locus1,Locus2,Locus3,Locus4,Locus5
ind01,PopA,A/A,C/T,G/G,A/T,C/C
ind02,PopA,A/B,C/C,G/A,A/A,C/G
ind03,PopA,A/A,T/T,G/G,T/T,C/C
ind04,PopA,A/B,C/T,A/A,A/T,G/G
ind05,PopA,B/B,C/C,G/A,A/A,C/G
ind06,PopA,A/A,C/T,G/G,A/T,C/C
ind07,PopA,A/B,T/T,G/G,T/T,G/G
ind08,PopA,A/A,C/C,G/A,A/A,C/G
ind09,PopA,A/B,C/T,G/G,A/T,C/C
ind10,PopA,A/A,C/T,G/A,A/A,C/C
ind11,PopB,B/B,T/T,A/A,T/T,G/G
ind12,PopB,A/B,T/T,A/A,T/T,G/G
ind13,PopB,B/B,C/T,G/A,A/T,C/G
ind14,PopB,B/B,T/T,A/A,T/T,G/G
ind15,PopB,A/B,T/T,A/A,T/T,G/G
ind16,PopB,B/B,C/T,G/A,T/T,G/G
ind17,PopB,B/B,T/T,A/A,T/T,G/G
ind18,PopB,A/B,T/T,G/A,A/T,C/G
ind19,PopB,B/B,T/T,A/A,T/T,G/G
ind20,PopB,B/B,C/T,A/A,T/T,G/G
ind21,PopC,A/B,C/T,G/A,A/T,C/G
ind22,PopC,A/A,C/C,G/G,A/A,C/C
ind23,PopC,A/B,C/T,G/A,A/T,C/G
ind24,PopC,A/A,C/T,G/G,A/A,C/C
ind25,PopC,A/B,C/C,G/A,A/A,C/G
ind26,PopC,A/A,C/T,G/G,A/T,C/C
ind27,PopC,A/B,C/C,G/G,A/A,C/G
ind28,PopC,A/A,C/T,G/A,A/T,C/C
ind29,PopC,A/B,C/C,G/A,A/A,C/G
ind30,PopC,A/A,C/T,G/G,A/A,C/C
